Date,Open,High,Low,Close,Adj Close,Volume
11/29/2016,2050,2130,2050,2110,2061.487793,13127100
11/30/2016,2150,2300,2110,2300,2247.119385,30957800
12/1/2016,2300,2310,2200,2220,2168.95874,11179000
12/2/2016,2230,2260,2180,2260,2208.039063,8221800
12/5/2016,2260,2290,2230,2270,2217.809082,6689800
12/6/2016,2270,2300,2250,2280,2227.579346,6964000
12/7/2016,2310,2310,2230,2280,2227.579346,5054800
12/8/2016,2300,2400,2250,2380,2325.280029,12078500
12/9/2016,2400,2400,2330,2380,2325.280029,2436400
12/13/2016,2380,2390,2330,2380,2325.280029,5243900
12/14/2016,2380,2400,2290,2340,2286.199707,7005200
12/15/2016,2300,2330,2260,2270,2217.809082,4005900
12/16/2016,2270,2330,2270,2310,2256.889404,5700000
12/19/2016,2310,2370,2270,2330,2276.429688,7547000
12/20/2016,2330,2350,2320,2350,2295.969971,4684800
12/21/2016,2350,2360,2220,2220,2168.95874,3152600
12/22/2016,2190,2270,2190,2240,2188.498779,6076800
12/23/2016,2250,2280,2240,2250,2198.269043,3005900
12/27/2016,2250,2310,2250,2250,2198.269043,2063000
12/28/2016,2250,2320,2250,2290,2237.349365,2308700
12/29/2016,2290,2370,2290,2350,2295.969971,6820900
12/30/2016,2400,2400,2310,2310,2256.889404,5346200
1/2/2017,2310,2310,2310,2310,2256.889404,0
1/3/2017,2310,2340,2250,2280,2227.579346,6897200
1/4/2017,2280,2320,2270,2320,2266.659668,5094200
1/5/2017,2360,2560,2330,2560,2501.141602,20877500
1/6/2017,2560,2680,2520,2650,2589.072266,18375700
1/9/2017,2650,2700,2580,2640,2579.302246,7533500
1/10/2017,2640,2670,2610,2670,2608.612549,6217800
1/11/2017,2670,2690,2660,2690,2628.152832,3222800
1/12/2017,2690,2770,2670,2770,2706.313477,6775600
1/13/2017,2770,2810,2730,2770,2706.313477,9497500
1/16/2017,2770,2830,2750,2780,2716.083496,7692400
1/17/2017,2780,2790,2710,2770,2706.313477,6767300
1/18/2017,2770,2770,2700,2720,2657.462891,8524700
1/19/2017,2710,2710,2620,2650,2589.072266,6897400
1/20/2017,2650,2670,2610,2660,2598.842529,7038500
1/23/2017,2660,2680,2630,2630,2569.532227,4270700
1/24/2017,2660,2690,2620,2680,2618.382568,2950400
1/25/2017,2900,2900,2670,2830,2764.933838,21547000
1/26/2017,2830,2950,2830,2910,2843.094482,13343100
1/27/2017,2920,2920,2810,2870,2804.014404,7386700
1/30/2017,2870,2920,2860,2890,2823.554443,8744900
1/31/2017,2910,2980,2890,2910,2843.094482,17162000
2/1/2017,2900,2910,2800,2850,2784.473877,9091700
2/2/2017,2850,2990,2780,2910,2843.094482,12473500
2/3/2017,2910,2940,2850,2900,2833.324463,6173300
2/6/2017,2850,2930,2850,2920,2852.864502,6731100
2/7/2017,2930,2940,2870,2900,2833.324463,9253300
2/8/2017,2940,3070,2900,3070,2999.416016,11252900
2/9/2017,3080,3090,3020,3080,3009.185791,3914900
2/10/2017,3050,3070,2980,3070,2999.416016,5352200
2/13/2017,3010,3060,3010,3040,2970.105713,8701700
2/14/2017,3020,3200,3020,3130,3058.036377,13678300
2/15/2017,3130,3130,3130,3130,3058.036377,0
2/16/2017,3170,3190,3130,3150,3077.576416,7724300
2/17/2017,3150,3220,3030,3130,3058.036377,7900800
2/20/2017,3150,3240,3120,3230,3155.737305,11748000
2/21/2017,3250,3250,3050,3070,2999.416016,3935100
2/22/2017,3080,3150,3020,3130,3058.036377,6385100
2/23/2017,3150,3250,3100,3240,3165.507324,10647000
2/24/2017,3230,3230,3090,3120,3048.266357,6782800
2/27/2017,3130,3170,3010,3010,2940.79541,6489600
2/28/2017,3030,3070,2910,2990,2921.255127,11177400
3/1/2017,2980,3000,2870,2940,2872.405029,8154200
3/2/2017,2950,3000,2910,2910,2843.094482,3521800
3/3/2017,2910,2920,2880,2890,2823.554443,4752400
3/6/2017,2950,2950,2890,2900,2833.324463,3397200
3/7/2017,2900,2900,2810,2870,2804.014404,5445000
3/8/2017,2810,2870,2810,2830,2764.933838,3576100
3/9/2017,2960,2990,2830,2960,2891.945068,10601500
3/10/2017,2970,2990,2920,2980,2911.485107,12835300
3/13/2017,2980,3030,2930,3000,2931.025391,6878800
3/14/2017,3050,3060,3010,3050,2979.875732,4930500
3/15/2017,3080,3080,3010,3010,2940.79541,2178800
3/16/2017,3010,3190,3010,3180,3106.886963,7835700
3/17/2017,3250,3250,3180,3250,3175.277344,9413700
3/20/2017,3250,3250,3160,3200,3126.427002,3186800
3/21/2017,3240,3250,3200,3250,3175.277344,5358400
3/22/2017,3200,3240,3150,3180,3106.886963,7584200
3/23/2017,3240,3300,3220,3280,3204.587891,7891600
3/24/2017,3280,3300,3260,3270,3194.817627,2879100
3/27/2017,3290,3290,3180,3290,3214.357666,2512400
3/29/2017,3210,3310,3180,3180,3106.886963,12706100
3/30/2017,3220,3230,3160,3220,3145.967041,2129200
3/31/2017,3190,3200,3060,3060,2989.645752,2846000
4/3/2017,3080,3130,3030,3030,2960.335693,2064200
4/4/2017,3020,3120,3000,3090,3018.956055,6188700
4/5/2017,3090,3090,3090,3090,3018.956055,0
4/6/2017,3040,3070,2980,3040,2970.105713,5862500
4/7/2017,3040,3070,2940,2940,2872.405029,4030600
4/10/2017,2940,3000,2920,2930,2862.634766,2823200
4/11/2017,2930,2970,2900,2940,2872.405029,4126800
4/12/2017,2990,3080,2910,3040,2970.105713,5538600
4/13/2017,3080,3080,2980,3030,2960.335693,5130700
4/17/2017,3080,3080,2940,2940,2872.405029,2155900
4/18/2017,2990,3010,2950,3000,2931.025391,4633200
4/19/2017,3000,3000,3000,3000,2931.025391,0
4/20/2017,3000,3020,2970,3000,2931.025391,6089100
4/21/2017,3030,3030,2990,3000,2931.025391,2721700
4/25/2017,3060,3200,3010,3190,3116.656982,10826300
4/26/2017,3190,3230,3120,3230,3155.737305,6433700
4/27/2017,3260,3260,3160,3210,3136.197266,3572600
4/28/2017,3200,3270,3150,3210,3136.197266,3299600
5/2/2017,3230,3240,3080,3080,3009.185791,3435100
5/3/2017,3100,3120,3080,3080,3009.185791,2386900
5/4/2017,3100,3180,3080,3180,3106.886963,2322300
5/5/2017,3200,3200,3100,3140,3067.806641,2921700
5/8/2017,3140,3200,3030,3060,2989.645752,4575600
5/9/2017,3070,3120,3060,3120,3048.266357,2613500
5/10/2017,3130,3160,3080,3150,3077.576416,2801700
5/12/2017,3160,3180,3040,3050,2979.875732,2437700
5/15/2017,3050,3130,3050,3120,3048.266357,1503000
5/16/2017,3030,3070,3010,3010,2940.79541,7807100
5/17/2017,3010,3090,3010,3080,3009.185791,3049300
5/18/2017,3120,3120,3020,3030,2960.335693,2852000
5/19/2017,3070,3160,3030,3060,2989.645752,10200200
5/22/2017,3060,3130,2960,2990,2921.255127,5033500
5/23/2017,3010,3080,2970,3000,2931.025391,8344700
5/24/2017,3000,3040,2950,3040,2970.105713,4633400
5/26/2017,3040,3120,2960,2960,2891.945068,5570200
5/29/2017,3030,3080,3000,3080,3009.185791,3315400
5/30/2017,3070,3070,3000,3000,2931.025391,2349600
5/31/2017,3030,3040,2960,2960,2891.945068,39779700
6/1/2017,2960,2960,2960,2960,2891.945068,0
6/2/2017,3050,3100,2970,3040,2970.105713,6851600
6/5/2017,3050,3230,3050,3210,3136.197266,14479600
6/6/2017,3250,3390,3220,3340,3263.208252,13360200
6/7/2017,3350,3430,3340,3410,3331.598877,7635200
6/8/2017,3430,3430,3280,3280,3204.587891,7664000
6/9/2017,3280,3410,3180,3350,3272.978271,6713600
6/12/2017,3350,3500,3350,3380,3302.288574,8981100
6/13/2017,3380,3400,3200,3200,3126.427002,5704900
6/14/2017,3180,3420,3100,3410,3331.598877,6140700
6/15/2017,3400,3400,3280,3280,3204.587891,2462700
6/16/2017,3260,3340,3160,3160,3087.34668,13373000
6/19/2017,3200,3270,3160,3230,3155.737305,5533100
6/20/2017,3150,3240,3150,3240,3165.507324,2601500
6/21/2017,3240,3360,3220,3360,3282.748291,11308300
6/22/2017,3390,3410,3330,3410,3331.598877,10632200
6/23/2017,3410,3410,3410,3410,3331.598877,0
6/26/2017,3410,3410,3410,3410,3331.598877,0
6/27/2017,3410,3410,3410,3410,3331.598877,0
6/28/2017,3410,3410,3410,3410,3331.598877,0
6/29/2017,3410,3410,3410,3410,3331.598877,0
6/30/2017,3410,3410,3410,3410,3331.598877,0
7/3/2017,3410,3410,3260,3310,3233.897949,17349300
7/4/2017,3310,3310,3250,3290,3214.357666,1697800
7/5/2017,3300,3300,3190,3250,3175.277344,5605500
7/6/2017,3280,3300,3210,3210,3136.197266,3756500
7/7/2017,3220,3300,3200,3200,3126.427002,7528700
7/10/2017,3210,3210,3110,3130,3058.036377,2819000
7/11/2017,3130,3240,3120,3220,3145.967041,4905100
7/12/2017,3250,3310,3220,3300,3224.12793,8720300
7/13/2017,3300,3320,3260,3300,3224.12793,8019900
7/14/2017,3290,3300,3290,3300,3224.12793,1692800
7/17/2017,3300,3320,3270,3290,3214.357666,6377500
7/18/2017,3260,3290,3200,3250,3175.277344,2294400
7/19/2017,3200,3240,3200,3230,3155.737305,1492000
7/20/2017,3190,3260,3190,3230,3155.737305,966600
7/21/2017,3230,3230,3150,3150,3077.576416,2624600
7/24/2017,3150,3210,3110,3200,3126.427002,3089800
7/25/2017,3210,3290,3160,3280,3204.587891,3121600
7/26/2017,3200,3250,3200,3210,3136.197266,1682200
7/27/2017,3210,3320,3200,3300,3224.12793,8194400
7/28/2017,3300,3300,3270,3300,3224.12793,6309300
7/31/2017,3300,3370,3290,3360,3282.748291,12005900
8/1/2017,3360,3480,3350,3470,3390.219238,13252200
8/2/2017,3600,3630,3490,3600,3517.230225,15130200
8/3/2017,3590,3600,3570,3570,3487.920166,5270000
8/4/2017,3580,3580,3430,3430,3351.138916,1748000
8/7/2017,3430,3500,3390,3390,3312.058594,5544400
8/8/2017,3390,3520,3390,3520,3439.069824,2914700
8/9/2017,3520,3520,3400,3420,3341.368652,3878400
8/10/2017,3420,3500,3420,3450,3370.679199,2005900
8/11/2017,3450,3450,3360,3390,3312.058594,5716400
8/14/2017,3360,3470,3360,3400,3321.828613,3784500
8/15/2017,3400,3490,3400,3490,3409.759277,4273400
8/16/2017,3490,3490,3380,3460,3380.449219,8238700
8/17/2017,3460,3460,3460,3460,3380.449219,0
8/18/2017,3420,3450,3390,3440,3360.90918,2147200
8/21/2017,3410,3460,3350,3380,3302.288574,4380000
8/22/2017,3380,3450,3370,3420,3341.368652,6646400
8/23/2017,3420,3610,3420,3590,3507.460205,10501700
8/24/2017,3590,3590,3480,3510,3429.299561,6234600
8/25/2017,3530,3660,3530,3660,3575.85083,11059300
8/28/2017,3640,3650,3600,3630,3546.540527,3516800
8/29/2017,3630,3630,3590,3630,3546.540527,9512700
8/30/2017,3630,3800,3600,3640,3556.310791,13017500
8/31/2017,3670,3710,3600,3600,3517.230225,3746800
9/1/2017,3600,3600,3600,3600,3517.230225,0
9/4/2017,3600,3710,3600,3700,3614.931152,7033600
9/5/2017,3700,3750,3670,3730,3644.241455,3397300
9/6/2017,3730,3860,3630,3850,3761.482422,14150000
9/7/2017,3840,3870,3750,3810,3722.4021,2144500
9/8/2017,3740,3820,3710,3820,3732.172363,4168900
9/11/2017,3840,3850,3790,3820,3732.172363,2103100
9/12/2017,3820,3870,3820,3870,3781.022705,2999900
9/13/2017,3870,3950,3780,3950,3859.18335,5191700
9/14/2017,3950,4060,3930,4020,3927.573975,14130500
9/15/2017,4050,4050,3870,4000,3908.033691,7301100
9/18/2017,4000,4010,3870,3970,3878.723389,1114800
9/19/2017,3900,3970,3810,3850,3761.482422,5492800
9/20/2017,3840,3850,3760,3800,3712.63208,7308400
9/21/2017,3800,3800,3800,3800,3712.63208,0
9/22/2017,3800,3850,3750,3850,3761.482422,11837800
9/25/2017,3830,3830,3750,3780,3693.092041,6906700
9/26/2017,3750,3800,3750,3780,3693.092041,2655100
9/27/2017,3780,3790,3750,3770,3683.321777,4885800
9/28/2017,3760,3760,3680,3700,3614.931152,9642700
9/29/2017,3690,3770,3690,3740,3654.011475,6934400
10/2/2017,3730,3750,3690,3700,3614.931152,6252700
10/3/2017,3700,3700,3600,3640,3556.310791,11048100
10/4/2017,3630,3690,3630,3680,3595.391113,5695900
10/5/2017,3690,3690,3620,3660,3575.85083,7931500
10/6/2017,3700,3700,3660,3680,3595.391113,1355900
10/9/2017,3690,3710,3600,3640,3556.310791,6372700
10/10/2017,3680,3680,3610,3630,3546.540527,3362300
10/11/2017,3620,3620,3400,3460,3380.449219,9089600
10/12/2017,3500,3540,3500,3530,3448.839844,6976700
10/13/2017,3530,3570,3500,3530,3448.839844,2742000
10/16/2017,3520,3560,3510,3540,3458.609863,4567900
10/17/2017,3550,3560,3520,3530,3448.839844,6178400
10/18/2017,3540,3550,3360,3400,3321.828613,7734200
10/19/2017,3400,3440,3320,3370,3292.518555,4635800
10/20/2017,3330,3400,3290,3400,3321.828613,4830600
10/23/2017,3400,3430,3370,3400,3321.828613,5319200
10/24/2017,3450,3450,3230,3230,3155.737305,3358700
10/25/2017,3300,3400,3260,3400,3321.828613,10969800
10/26/2017,3400,3530,3330,3330,3253.437988,7313400
10/27/2017,3380,3440,3320,3380,3302.288574,6912000
10/30/2017,3400,3440,3300,3310,3233.897949,4305700
10/31/2017,3390,3390,3300,3380,3302.288574,7903700
11/1/2017,3380,3540,3380,3500,3419.529541,12536100
11/2/2017,3570,3600,3510,3560,3478.149902,16658200
11/3/2017,3600,3600,3490,3560,3478.149902,6422500
11/6/2017,3560,3570,3530,3550,3468.380127,2411300
11/7/2017,3550,3580,3540,3570,3487.920166,2988000
11/8/2017,3540,3550,3500,3520,3439.069824,5370500
11/9/2017,3500,3560,3500,3520,3439.069824,3457400
11/10/2017,3520,3550,3500,3500,3419.529541,3427600
11/13/2017,3520,3530,3490,3500,3419.529541,4114000
11/14/2017,3450,3480,3360,3360,3282.748291,2616900
11/15/2017,3340,3390,3330,3330,3253.437988,5931000
11/16/2017,3330,3360,3240,3250,3175.277344,5151300
11/17/2017,3290,3290,3210,3210,3136.197266,4249400
11/20/2017,3230,3250,3190,3190,3116.656982,5584800
11/21/2017,3180,3180,3030,3090,3018.956055,9143500
11/22/2017,3110,3170,3000,3000,2931.025391,12340400
11/23/2017,3090,3120,3070,3070,2999.416016,4022400
11/24/2017,3100,3100,3000,3010,2940.79541,7208700
11/27/2017,3010,3050,2890,2900,2833.324463,7947500
11/28/2017,2900,3020,2900,2980,2911.485107,11478100
11/29/2017,3020,3170,3010,3130,3058.036377,12522100
11/30/2017,3170,3190,3060,3080,3009.185791,11993600
12/1/2017,3080,3080,3080,3080,3009.185791,0
12/4/2017,3100,3150,2960,2960,2891.945068,10841200
12/5/2017,3000,3060,2970,3010,2940.79541,6281500
12/6/2017,3010,3010,2940,2980,2911.485107,3316400
12/7/2017,2990,2990,2950,2950,2882.174805,2159700
12/8/2017,2950,2980,2920,2940,2872.405029,6073400
12/11/2017,2940,2950,2890,2900,2833.324463,3394500
12/12/2017,2900,3070,2900,3070,2999.416016,6063500
12/13/2017,3100,3100,3040,3090,3018.956055,2996400
12/14/2017,3080,3100,3040,3050,2979.875732,5765900
12/15/2017,3080,3080,2950,3000,2931.025391,7271900
12/18/2017,2990,3030,2910,2990,2921.255127,4515800
12/19/2017,2990,2990,2930,2950,2882.174805,3071900
12/20/2017,2910,2980,2810,2840,2774.704102,9533700
12/21/2017,2840,2900,2840,2880,2813.78418,4836400
12/22/2017,2870,2890,2830,2880,2813.78418,4370300
12/25/2017,2880,2880,2880,2880,2813.78418,0
12/26/2017,2880,2880,2880,2880,2813.78418,0
12/27/2017,2880,2900,2860,2890,2823.554443,2357900
12/28/2017,2890,2970,2890,2970,2901.715088,3844800
12/29/2017,2980,3000,2960,2960,2891.945068,2845800
1/1/2018,2960,2960,2960,2960,2891.945068,0
1/2/2018,3000,3000,2870,2880,2813.78418,3933100
1/3/2018,2900,2920,2850,2920,2852.864502,3648800
1/4/2018,2920,2920,2860,2920,2852.864502,5236700
1/5/2018,2880,3050,2880,3010,2940.79541,5863100
1/8/2018,3010,3240,3010,3210,3136.197266,9762200
1/9/2018,3210,3380,3110,3350,3272.978271,8158300
1/10/2018,3350,3370,3210,3230,3155.737305,5935100
1/11/2018,3230,3300,3230,3290,3214.357666,5848300
1/12/2018,3290,3300,3180,3200,3126.427002,5213300
1/15/2018,3260,3260,3180,3180,3106.886963,3646100
1/16/2018,3250,3260,3190,3220,3145.967041,3338200
1/17/2018,3220,3260,3190,3220,3145.967041,9114100
1/18/2018,3230,3250,3190,3200,3126.427002,4300500
1/19/2018,3200,3210,3100,3150,3077.576416,4172000
1/22/2018,3150,3150,3000,3000,2931.025391,8821900
1/23/2018,3050,3110,3040,3110,3038.496338,4231000
1/24/2018,3110,3110,3070,3090,3018.956055,2612400
1/25/2018,3090,3090,3010,3010,2940.79541,5186100
1/26/2018,3020,3150,3020,3130,3058.036377,3913600
1/29/2018,3150,3160,3110,3130,3058.036377,4955600
1/30/2018,3120,3160,2990,3020,2950.56543,7850600
1/31/2018,3000,3040,2970,2990,2921.255127,8545000
2/1/2018,3020,3040,2940,2940,2872.405029,12844100
2/2/2018,2990,3020,2940,3000,2931.025391,9666000
2/5/2018,2900,2970,2810,2940,2872.405029,5350900
2/6/2018,2930,2930,2870,2900,2833.324463,5190400
2/7/2018,2950,2990,2920,2960,2891.945068,5186600
2/8/2018,2960,2990,2900,2910,2843.094482,2673100
2/9/2018,2890,2940,2850,2860,2794.244141,5094600
2/12/2018,2930,2960,2860,2860,2794.244141,3647000
2/13/2018,2930,2960,2900,2960,2891.945068,3367300
2/14/2018,2960,2980,2910,2910,2843.094482,3414600
2/15/2018,2950,2950,2900,2910,2843.094482,3666200
2/16/2018,2910,2910,2910,2910,2843.094482,0
2/19/2018,2910,2940,2890,2910,2843.094482,6392200
2/20/2018,2940,2940,2890,2920,2852.864502,5036500
2/21/2018,2900,2960,2900,2930,2862.634766,9651900
2/22/2018,2930,2950,2920,2930,2862.634766,6703300
2/23/2018,2930,3030,2930,2970,2901.715088,13053300
2/26/2018,3000,3010,2960,2980,2911.485107,8511500
2/27/2018,2980,3010,2960,3010,2940.79541,7701800
2/28/2018,2990,3010,2950,2950,2882.174805,10994200
3/1/2018,2970,2980,2820,2890,2823.554443,8334000
3/2/2018,2880,2880,2820,2840,2774.704102,5419800
3/5/2018,2900,2910,2860,2860,2794.244141,2282500
3/6/2018,2860,2890,2850,2870,2804.014404,2359300
3/7/2018,2870,2890,2730,2760,2696.543213,8320800
3/8/2018,2760,2770,2700,2720,2657.462891,6913300
3/9/2018,2730,2770,2720,2750,2686.773193,4662200
3/12/2018,2800,2810,2720,2730,2667.233154,8541900
3/13/2018,2740,2750,2640,2650,2589.072266,6838700
3/14/2018,2620,2700,2590,2590,2530.451904,4587100
3/15/2018,2590,2600,2540,2550,2491.371582,7690700
3/16/2018,2540,2540,2460,2500,2442.52124,13332700
3/19/2018,2500,2640,2500,2600,2540.221924,7353100
3/20/2018,2600,2620,2540,2550,2491.371582,3638200
3/21/2018,2620,2620,2550,2580,2520.681641,3348100
3/22/2018,2600,2620,2530,2530,2471.831543,3811800
3/23/2018,2460,2480,2420,2460,2403.440918,4456600
3/26/2018,2450,2550,2440,2520,2462.061279,3343000
3/27/2018,2550,2580,2500,2520,2462.061279,5604100
3/28/2018,2510,2580,2510,2520,2462.061279,5314400
3/29/2018,2520,2560,2470,2520,2462.061279,4252500
3/30/2018,2520,2520,2520,2520,2462.061279,0
4/2/2018,2520,2520,2410,2430,2374.130615,7548500
4/3/2018,2400,2450,2340,2360,2305.73999,6626900
4/4/2018,2370,2540,2360,2540,2481.601318,14698700
4/5/2018,2540,2600,2470,2570,2510.911621,9789500
4/6/2018,2580,2600,2540,2560,2501.141602,3291100
4/9/2018,2570,2580,2550,2570,2510.911621,3452500
4/10/2018,2570,2840,2560,2730,2667.233154,10384200
4/11/2018,2730,2760,2670,2750,2686.773193,7352400
4/12/2018,2700,2750,2680,2680,2618.382568,2846700
4/13/2018,2650,2700,2600,2620,2559.762207,8947700
4/16/2018,2620,2620,2620,2620,2559.762207,0
4/17/2018,2620,2620,2620,2620,2559.762207,0
4/18/2018,2640,2650,2500,2510,2452.291016,9186200
4/19/2018,2510,2510,2510,2510,2452.291016,0
4/20/2018,2510,2510,2510,2510,2452.291016,0
4/23/2018,2490,2530,2450,2470,2413.210693,3307300
4/24/2018,2500,2520,2410,2420,2364.360352,2807300
4/25/2018,2420,2420,2420,2420,2364.360352,0
4/26/2018,2420,2420,2420,2420,2364.360352,0
4/27/2018,2420,2420,2420,2420,2364.360352,0
4/30/2018,2170,2180,2110,2120,2071.258057,5666900
5/1/2018,2120,2120,2120,2120,2071.258057,0
5/2/2018,2160,2240,2030,2100,2051.717773,21801700
5/3/2018,2100,2110,1905,1945,1900.281494,15131500
5/4/2018,1945,1960,1805,1830,1787.925415,24331200
5/7/2018,1835,1950,1835,1900,1856.31604,11002300
5/8/2018,1910,1910,1775,1790,1748.845093,15138500
5/9/2018,1800,1890,1790,1890,1846.546021,18923100
5/10/2018,1890,1890,1890,1890,1846.546021,0
5/11/2018,1900,2090,1900,1975,1929.591675,16320700
5/14/2018,1985,1995,1860,1900,1856.31604,10554600
5/15/2018,1850,1850,1710,1750,1709.764771,49319100
5/16/2018,1720,1845,1710,1810,1768.385376,20068900
5/17/2018,1845,2290,1845,2180,2129.878418,64529900
5/18/2018,2180,2210,2070,2140,2090.798096,15494200
5/21/2018,2130,2140,2020,2040,1993.097168,10967000
5/22/2018,2080,2170,2020,2020,1973.557007,38736700
5/23/2018,2020,2240,2020,2160,2110.338379,37761900
5/24/2018,2150,2460,2140,2320,2266.659668,48340200
5/25/2018,2320,2370,2220,2280,2227.579346,11694300
5/28/2018,2270,2330,2230,2260,2208.039063,29386000
5/29/2018,2260,2260,2260,2260,2208.039063,0
5/30/2018,2260,2260,2140,2160,2110.338379,45601600
5/31/2018,2140,2160,2060,2100,2051.717773,268258400
6/1/2018,2100,2100,2100,2100,2051.717773,0
6/4/2018,2170,2520,2160,2370,2315.51001,101854000
6/5/2018,2390,2580,2390,2540,2481.601318,37090300
6/6/2018,2600,2770,2560,2660,2598.842529,55791200
6/7/2018,2660,2910,2560,2560,2501.141602,69590800
6/8/2018,2750,2770,2600,2630,2569.532227,35133500
6/11/2018,2630,2630,2630,2630,2569.532227,0
6/12/2018,2630,2630,2630,2630,2569.532227,0
6/13/2018,2630,2630,2630,2630,2569.532227,0
6/14/2018,2630,2630,2630,2630,2569.532227,0
6/15/2018,2630,2630,2630,2630,2569.532227,0
6/18/2018,2630,2630,2630,2630,2569.532227,0
6/19/2018,2630,2630,2630,2630,2569.532227,0
6/20/2018,2560,2630,2510,2520,2462.061279,24450900
6/21/2018,2560,2640,2520,2570,2510.911621,22124600
6/22/2018,2600,2660,2560,2600,2540.221924,22747900
6/25/2018,2640,2650,2470,2580,2520.681641,17903100
6/26/2018,2550,2580,2500,2500,2442.52124,8873900
6/27/2018,2550,2610,2500,2540,2481.601318,9582200
6/28/2018,2580,2610,2460,2490,2432.750977,19745600
6/29/2018,2490,2560,2450,2520,2462.061279,9407600
7/2/2018,2550,2550,2510,2530,2471.831543,4758900
7/3/2018,2530,2560,2470,2490,2432.750977,6862100
7/4/2018,2470,2490,2300,2360,2305.73999,23853700
7/5/2018,2340,2490,2320,2410,2354.590332,13741300
7/6/2018,2420,2500,2380,2450,2393.670654,4077000
7/9/2018,2450,2650,2440,2620,2559.762207,16784600
7/10/2018,2640,2690,2600,2670,2608.612549,10272100
7/11/2018,2670,2680,2600,2650,2589.072266,9753400
7/12/2018,2650,2850,2640,2790,2725.853516,12865400
7/13/2018,2800,2840,2790,2790,2725.853516,6060200
7/16/2018,2790,2820,2670,2680,2618.382568,8230000
7/17/2018,2680,2740,2610,2730,2667.233154,8886000
7/18/2018,2760,2960,2740,2840,2774.704102,15362500
7/19/2018,2870,2940,2760,2800,2735.623779,17674200
7/20/2018,2800,2890,2800,2850,2784.473877,9439800
7/23/2018,2870,2980,2850,2980,2911.485107,10532600
7/24/2018,2990,3070,2930,2980,2911.485107,13567800
7/25/2018,2970,2970,2860,2870,2804.014404,12412100
7/26/2018,2900,2920,2800,2830,2764.933838,10838000
7/27/2018,2850,2890,2800,2880,2813.78418,5143800
7/30/2018,2900,2930,2800,2820,2755.163818,9288400
7/31/2018,2800,2800,2700,2750,2686.773193,21364700
8/1/2018,2790,2790,2700,2730,2667.233154,15953400
8/2/2018,2730,2790,2720,2730,2667.233154,5633200
8/3/2018,2730,2760,2720,2730,2667.233154,7399200
8/6/2018,2760,2850,2720,2850,2784.473877,17878400
8/7/2018,2870,3080,2860,3050,2979.875732,37255300
8/8/2018,3080,3080,2990,3050,2979.875732,9554100
8/9/2018,3050,3170,3050,3160,3087.34668,15917200
8/10/2018,3180,3190,3060,3070,2999.416016,5235500
8/13/2018,3030,3030,2820,2850,2784.473877,17348500
8/14/2018,2840,2840,2720,2730,2667.233154,29144200
8/15/2018,2730,2920,2640,2920,2852.864502,22130500
8/16/2018,2910,2910,2760,2890,2823.554443,7460900
8/17/2018,2890,2890,2890,2890,2823.554443,0
8/20/2018,2910,3040,2890,2990,2921.255127,12618000
8/21/2018,3000,3050,2960,3050,2979.875732,4937600
8/22/2018,3050,3050,3050,3050,2979.875732,0
8/23/2018,3080,3120,2980,2990,2921.255127,14541100
8/24/2018,2990,3000,2880,2950,2882.174805,6117300
8/27/2018,2910,3020,2910,2980,2911.485107,4275500
8/28/2018,3000,3080,2930,2940,2872.405029,6397600
8/29/2018,2940,3100,2880,3090,3018.956055,8017000
8/30/2018,3080,3160,3080,3150,3077.576416,11992200
8/31/2018,3030,3180,3010,3180,3106.886963,7370100
9/3/2018,3130,3160,3040,3080,3009.185791,2539500
9/4/2018,3070,3070,2880,2910,2843.094482,6036200
9/5/2018,2900,2900,2750,2800,2735.623779,14109500
9/6/2018,2750,2910,2750,2830,2764.933838,10835200
9/7/2018,2830,2970,2800,2950,2882.174805,7403400
9/10/2018,2960,2990,2860,2900,2833.324463,5620500
9/11/2018,2900,2900,2900,2900,2833.324463,0
9/12/2018,2910,3020,2890,2930,2862.634766,12825200
9/13/2018,2950,2990,2940,2970,2901.715088,4560200
9/14/2018,3000,3050,3000,3030,2960.335693,4797800
9/17/2018,3020,3020,2900,2970,2901.715088,6516700
9/18/2018,2910,3000,2910,2960,2891.945068,4052500
9/19/2018,2970,3020,2960,2990,2921.255127,4756700
9/20/2018,3000,3000,2860,2920,2852.864502,8065300
9/21/2018,2900,2970,2830,2850,2784.473877,11863200
9/24/2018,2850,2890,2780,2810,2745.393555,10457800
9/25/2018,2820,2840,2770,2790,2725.853516,4363600
9/26/2018,2790,2840,2790,2810,2745.393555,4273200
9/27/2018,2840,2870,2800,2820,2755.163818,3706100
9/28/2018,2820,2850,2760,2760,2696.543213,6762500
10/1/2018,2790,2820,2750,2800,2735.623779,10859200
10/2/2018,2800,2800,2700,2750,2686.773193,9743700
10/3/2018,2750,2880,2740,2860,2794.244141,14016000
10/4/2018,2870,2870,2760,2790,2725.853516,6546700
10/5/2018,2790,2920,2760,2870,2804.014404,8638400
10/8/2018,2840,2970,2840,2930,2862.634766,10076200
10/9/2018,2950,2990,2860,2880,2813.78418,15968600
10/10/2018,2880,2900,2830,2830,2764.933838,9933100
10/11/2018,2750,2800,2720,2750,2686.773193,9511500
10/12/2018,2710,2870,2660,2770,2706.313477,15622400
10/15/2018,2770,2830,2760,2760,2696.543213,2780100
10/16/2018,2760,2790,2740,2790,2725.853516,2483000
10/17/2018,2820,2880,2800,2830,2764.933838,8749500
10/18/2018,2830,2840,2760,2830,2764.933838,4661200
10/19/2018,2830,2830,2750,2780,2716.083496,9249500
10/22/2018,2800,2900,2780,2870,2804.014404,10679900
10/23/2018,2870,2870,2780,2820,2755.163818,4845500
10/24/2018,2790,2810,2740,2760,2696.543213,3900500
10/25/2018,2680,2780,2680,2740,2677.00293,3488300
10/26/2018,2750,2780,2720,2760,2696.543213,4862700
10/29/2018,2760,2800,2670,2680,2618.382568,7137900
10/30/2018,2650,2740,2600,2630,2569.532227,6401200
10/31/2018,2640,2660,2580,2620,2559.762207,4664500
11/1/2018,2660,2670,2190,2220,2168.95874,52029600
11/2/2018,2250,2310,2000,2090,2041.947754,88668000
11/5/2018,2070,2140,2040,2100,2051.717773,28898300
11/6/2018,2130,2240,2110,2230,2178.72876,38982100
11/7/2018,2250,2270,2130,2160,2110.338379,25946000
11/8/2018,2200,2280,2140,2270,2217.809082,32014800
11/9/2018,2260,2300,2200,2270,2217.809082,14170300
11/12/2018,2270,2280,2160,2190,2139.648682,13115400
11/13/2018,2150,2150,2090,2120,2071.258057,20623800
11/14/2018,2120,2160,2100,2140,2090.798096,15557900
11/15/2018,2140,2200,2140,2160,2110.338379,10707200
11/16/2018,2160,2240,2130,2200,2149.418457,16645400
11/19/2018,2210,2240,2140,2190,2139.648682,9953700
11/20/2018,2190,2190,2190,2190,2139.648682,0
11/21/2018,2170,2210,2150,2180,2129.878418,4971200
11/22/2018,2210,2280,2180,2210,2159.188721,10282500
11/23/2018,2210,2250,2210,2220,2168.95874,4753800
11/26/2018,2240,2250,2180,2210,2159.188721,5444200
11/27/2018,2210,2220,2180,2200,2149.418457,4738600
11/28/2018,2180,2190,2010,2030,1983.327148,18635700
11/29/2018,2040,2100,2030,2050,2002.867188,12457900
11/30/2018,2040,2060,1950,2040,1993.097168,17929200
12/3/2018,2000,2050,1985,2020,1973.557007,10873300
12/4/2018,2010,2010,1975,1980,1934.476807,11990300
12/5/2018,1965,1965,1875,1890,1846.546021,24077800
12/6/2018,1890,1985,1880,1950,1905.166382,22524900
12/7/2018,1960,2020,1955,1960,1914.936523,15009300
12/10/2018,1960,1970,1900,1915,1870.971069,6676500
12/11/2018,1925,1925,1875,1880,1836.775757,7964300
12/12/2018,1885,1935,1880,1915,1870.971069,11163500
12/13/2018,1940,1990,1915,1945,1900.281494,20301500
12/14/2018,1945,1960,1920,1920,1875.856201,8055500
12/17/2018,1930,1935,1890,1910,1866.086182,7817200
12/18/2018,1920,1935,1890,1935,1890.511353,5999700
12/19/2018,1950,2040,1940,2040,1993.097168,27021900
12/20/2018,2020,2100,2000,2010,1963.786987,31897000
12/21/2018,2010,2060,2000,2050,2002.867188,19388400
12/24/2018,2050,2050,2050,2050,2002.867188,0
12/25/2018,2050,2050,2050,2050,2002.867188,0
12/26/2018,2050,2050,1930,1940,1895.396362,8224700
12/27/2018,1970,2040,1970,2000,1954.016846,15916700
12/28/2018,2020,2020,1955,1980,1934.476807,22007600
12/31/2018,1980,1980,1980,1980,1934.476807,0
1/1/2019,1980,1980,1980,1980,1934.476807,0
1/2/2019,2020,2020,1955,1980,1934.476807,5313100
1/3/2019,1980,2030,1970,2020,1973.557007,11314600
1/4/2019,2010,2080,1990,2040,1993.097168,18759700
1/7/2019,2020,2160,2020,2140,2090.798096,51722500
1/8/2019,2140,2200,2110,2190,2139.648682,32563100
1/9/2019,2210,2270,2200,2250,2198.269043,28621800
1/10/2019,2250,2270,2210,2250,2198.269043,13872500
1/11/2019,2250,2260,2200,2200,2149.418457,11299600
1/14/2019,2200,2200,2110,2110,2061.487793,13180700
1/15/2019,2120,2210,2120,2190,2139.648682,20372700
1/16/2019,2190,2330,2190,2310,2256.889404,40171200
1/17/2019,2330,2370,2300,2300,2247.119385,21537800
1/18/2019,2300,2350,2280,2290,2237.349365,11992000
1/21/2019,2310,2340,2230,2250,2198.269043,11608400
1/22/2019,2220,2330,2170,2270,2217.809082,22784000
1/23/2019,2270,2370,2270,2320,2266.659668,27481400
1/24/2019,2350,2360,2310,2330,2276.429688,15091400
1/25/2019,2360,2370,2170,2190,2139.648682,37595300
1/28/2019,2220,2220,2100,2130,2081.027832,32743000
1/29/2019,2130,2170,2040,2060,2012.637451,29299200
1/30/2019,2070,2120,2060,2110,2061.487793,16156100
1/31/2019,2140,2170,2120,2170,2120.108154,11999900
2/1/2019,2170,2190,2100,2100,2051.717773,10715500
2/4/2019,2110,2140,2090,2120,2071.258057,16082100
2/5/2019,2120,2120,2120,2120,2071.258057,0
2/6/2019,2130,2220,2130,2200,2149.418457,40880800
2/7/2019,2210,2230,2150,2170,2120.108154,28062500
2/8/2019,2160,2210,2140,2180,2129.878418,21432400
2/11/2019,2170,2200,2110,2130,2081.027832,23067700
2/12/2019,2130,2140,2040,2070,2022.407471,21694700
2/13/2019,2090,2110,1995,2020,1973.557007,15619400
2/14/2019,2050,2110,1995,2050,2002.867188,43970600
2/15/2019,2050,2440,2050,2340,2286.199707,211910100
2/18/2019,2360,2580,2360,2530,2471.831543,95862900
2/19/2019,2560,2660,2510,2610,2549.991943,59416800
2/20/2019,2670,2670,2550,2620,2559.762207,30943600
2/21/2019,2600,2680,2570,2650,2589.072266,16555400
2/22/2019,2650,2650,2570,2640,2579.302246,14537900
2/25/2019,2620,2620,2580,2590,2530.451904,11932100
2/26/2019,2560,2570,2410,2500,2442.52124,31258600
2/27/2019,2500,2530,2360,2400,2344.820068,22082600
2/28/2019,2400,2440,2330,2400,2344.820068,28718100
3/1/2019,2410,2530,2390,2490,2432.750977,23691300
3/4/2019,2510,2530,2420,2450,2393.670654,9909200
3/5/2019,2450,2450,2380,2400,2344.820068,14575000
3/6/2019,2400,2430,2400,2420,2364.360352,3207900
3/7/2019,2420,2420,2420,2420,2364.360352,0
3/8/2019,2410,2430,2310,2350,2295.969971,20327500
3/11/2019,2390,2450,2360,2400,2344.820068,11314900
3/12/2019,2420,2480,2390,2460,2403.440918,11946700
3/13/2019,2520,2670,2480,2620,2559.762207,35771200
3/14/2019,2550,2580,2500,2560,2501.141602,8467900
3/15/2019,2520,2630,2520,2590,2530.451904,12313300
3/18/2019,2580,2720,2570,2700,2637.922852,21103300
3/19/2019,2700,2730,2610,2650,2589.072266,10211800
3/20/2019,2650,2720,2610,2700,2637.922852,13744500
3/21/2019,2730,2760,2670,2680,2618.382568,10669000
3/22/2019,2700,2720,2650,2660,2598.842529,2572000
3/25/2019,2660,2670,2550,2590,2530.451904,8303100
3/26/2019,2580,2700,2580,2680,2618.382568,8179200
3/27/2019,2690,2710,2610,2680,2618.382568,5639200
3/28/2019,2700,2700,2610,2680,2618.382568,6086000
3/29/2019,2680,2700,2620,2680,2618.382568,2525300
4/1/2019,2700,2750,2620,2710,2647.692871,8439600
4/2/2019,2730,2730,2650,2680,2618.382568,4412800
4/3/2019,2680,2680,2680,2680,2618.382568,0
4/4/2019,2670,2700,2620,2630,2569.532227,4286200
4/5/2019,2640,2660,2570,2640,2579.302246,5133300
4/8/2019,2620,2620,2510,2530,2471.831543,7210800
4/9/2019,2530,2570,2520,2550,2491.371582,6235800
4/10/2019,2550,2610,2510,2580,2520.681641,5073500
4/11/2019,2610,2730,2550,2670,2608.612549,12387200
4/12/2019,2710,2890,2710,2810,2745.393555,25336100
4/15/2019,2820,2840,2750,2770,2706.313477,10623500
4/16/2019,2770,2800,2690,2760,2696.543213,19715400
4/17/2019,2760,2760,2760,2760,2696.543213,0
4/18/2019,2820,2880,2790,2850,2784.473877,33758200
4/19/2019,2850,2850,2850,2850,2784.473877,0
4/22/2019,2850,2880,2720,2800,2735.623779,34552200
4/23/2019,2770,2960,2770,2930,2862.634766,28490600
4/24/2019,2970,2980,2870,2870,2804.014404,11371700
4/25/2019,2870,2930,2830,2860,2794.244141,6940600
4/26/2019,2830,2910,2820,2870,2804.014404,7321000
4/29/2019,2870,2950,2870,2900,2833.324463,12936000
4/30/2019,2900,2930,2870,2920,2852.864502,9537500
5/1/2019,2920,2920,2920,2920,2852.864502,0
5/2/2019,2920,2920,2760,2780,2716.083496,11696900
5/3/2019,2800,2810,2640,2780,2716.083496,14894300
5/6/2019,2800,2880,2700,2850,2784.473877,21344400
5/7/2019,2900,3070,2900,2980,2911.485107,43528900
5/8/2019,2970,3040,2940,2960,2891.945068,12287700
5/9/2019,2950,3020,2930,2960,2891.945068,11767700
5/10/2019,2970,3000,2840,2930,2862.634766,15030400
5/13/2019,2940,2950,2720,2760,2696.543213,14260300
5/14/2019,2720,2810,2690,2770,2706.313477,15250000
5/15/2019,2780,2810,2530,2650,2589.072266,14982700
5/16/2019,2650,2670,2550,2560,2501.141602,6731200
5/17/2019,2560,2600,2420,2540,2481.601318,7490000
5/20/2019,2520,2730,2450,2650,2589.072266,9392800
5/21/2019,2650,2720,2620,2670,2608.612549,5280300
5/22/2019,2670,2680,2580,2640,2579.302246,2000400
5/23/2019,2680,2790,2610,2740,2677.00293,10154800
5/24/2019,2760,2850,2740,2790,2725.853516,7215000
5/27/2019,2830,2880,2810,2810,2745.393555,9575700
5/28/2019,2850,2860,2740,2790,2725.853516,4355000
5/29/2019,2790,2920,2790,2900,2833.324463,9654100
5/30/2019,2900,2900,2900,2900,2833.324463,0
5/31/2019,2900,2980,2790,2860,2794.244141,20433200
6/3/2019,2860,2860,2860,2860,2794.244141,0
6/4/2019,2860,2860,2860,2860,2794.244141,0
6/5/2019,2860,2860,2860,2860,2794.244141,0
6/6/2019,2860,2860,2860,2860,2794.244141,0
6/7/2019,2860,2860,2860,2860,2794.244141,0
6/10/2019,2950,3020,2910,2940,2872.405029,14450100
6/11/2019,2980,3000,2920,2940,2872.405029,5801400
6/12/2019,2980,2980,2860,2900,2833.324463,6123100
6/13/2019,2850,2870,2810,2860,2794.244141,8567800
6/14/2019,2860,2930,2840,2860,2794.244141,5537200
6/17/2019,2900,2900,2820,2850,2784.473877,2026100
6/18/2019,2850,2930,2850,2910,2843.094482,6053800
6/20/2019,3050,3050,2980,2990,2921.255127,10083200
6/21/2019,3000,3040,2850,2900,2833.324463,8630700
6/24/2019,2910,2950,2830,2860,2794.244141,2968700
6/25/2019,2830,2900,2830,2860,2794.244141,4768200
6/26/2019,2870,2930,2870,2920,2852.864502,4080800
6/27/2019,2930,2950,2890,2920,2852.864502,4830300
6/28/2019,2950,3010,2910,2980,2911.485107,16338700
7/1/2019,3000,3040,2950,2990,2921.255127,7193000
7/2/2019,3000,3010,2960,2960,2891.945068,4694000
7/3/2019,2960,2990,2850,2860,2794.244141,7888800
7/4/2019,2870,2900,2820,2850,2784.473877,7483000
7/5/2019,2850,2920,2810,2900,2833.324463,8873400
7/8/2019,2920,2930,2850,2860,2794.244141,3213600
7/9/2019,2890,2940,2870,2930,2862.634766,2796200
7/10/2019,2950,2950,2870,2890,2823.554443,4467600
7/11/2019,2940,2940,2870,2900,2833.324463,4126000
7/12/2019,2920,2920,2850,2860,2794.244141,5579900
7/15/2019,2870,2940,2860,2930,2862.634766,7362100
7/16/2019,2930,2970,2910,2940,2872.405029,7216200
7/17/2019,2940,3020,2910,2980,2911.485107,9777300
7/18/2019,2980,3170,2970,3110,3038.496338,21650300
7/19/2019,3130,3150,3080,3110,3038.496338,10942200
7/22/2019,3110,3140,3080,3100,3028.726074,8278100
7/23/2019,3100,3220,3090,3160,3087.34668,17721600
7/24/2019,3160,3200,3120,3120,3048.266357,7569800
7/25/2019,3120,3290,3010,3250,3175.277344,27474800
7/26/2019,3280,3300,3120,3170,3097.116699,14060600
7/29/2019,3180,3340,3170,3270,3194.817627,9457500
7/30/2019,3290,3420,3220,3300,3224.12793,47197900
7/31/2019,3360,3360,3220,3230,3155.737305,14222200
8/1/2019,3230,3360,3180,3280,3204.587891,17978100
8/2/2019,3280,3280,3230,3260,3185.047363,10374400
8/5/2019,3220,3380,3050,3130,3058.036377,19561200
8/6/2019,3090,3240,3080,3140,3067.806641,17576600
8/7/2019,3170,3310,3170,3300,3224.12793,11495800
8/8/2019,3320,3350,3280,3350,3272.978271,17136900
8/9/2019,3390,3410,3260,3310,3233.897949,6504300
8/12/2019,3310,3400,3270,3360,3282.748291,8831500
8/13/2019,3360,3450,3300,3340,3263.208252,13759200
8/14/2019,3400,3400,3300,3360,3282.748291,8527800
8/15/2019,3360,3360,3280,3320,3243.667969,11339100
8/16/2019,3300,3310,3180,3250,3175.277344,13561000
8/19/2019,3250,3280,3210,3250,3175.277344,12462100
8/20/2019,3250,3310,3230,3250,3175.277344,10764600
8/21/2019,3250,3270,3210,3270,3194.817627,12651500
8/22/2019,3290,3370,3280,3350,3272.978271,14523300
8/23/2019,3380,3380,3250,3330,3253.437988,6255300
8/26/2019,3300,3340,3210,3320,3243.667969,7539300
8/27/2019,3280,3400,3270,3380,3302.288574,11016600
8/28/2019,3380,3400,3290,3330,3253.437988,7011500
8/29/2019,3300,3400,3300,3390,3312.058594,7206800
8/30/2019,3400,3540,3390,3480,3399.989502,16924800
9/2/2019,3500,3650,3480,3620,3536.770752,18483100
9/3/2019,3620,3660,3480,3500,3419.529541,8704600
9/4/2019,3500,3550,3460,3500,3419.529541,13015700
9/5/2019,3530,3560,3480,3520,3439.069824,8878100
9/6/2019,3570,3590,3150,3270,3194.817627,50259300
9/9/2019,3270,3390,3220,3280,3204.587891,28767900
9/10/2019,3390,3600,3260,3280,3204.587891,30773800
9/11/2019,3280,3310,3230,3270,3194.817627,14896900
9/12/2019,3290,3410,3280,3350,3272.978271,25527900
9/13/2019,3360,3460,3360,3450,3370.679199,16207500
9/16/2019,3450,3450,3310,3380,3302.288574,8829600
9/17/2019,3410,3480,3410,3440,3360.90918,15618500
9/18/2019,3470,3550,3460,3500,3419.529541,15169200
9/19/2019,3490,3550,3450,3470,3390.219238,6187000
9/20/2019,3480,3520,3370,3410,3331.598877,9784500
9/23/2019,3430,3470,3340,3390,3312.058594,6534300
9/24/2019,3420,3430,3260,3290,3214.357666,7695900
9/25/2019,3290,3330,3220,3300,3224.12793,6192200
9/26/2019,3300,3510,3290,3500,3419.529541,14984500
9/27/2019,3490,3550,3440,3500,3419.529541,14775500
9/30/2019,3460,3460,3380,3440,3360.90918,8336900
10/1/2019,3440,3470,3390,3450,3370.679199,6286600
10/2/2019,3410,3490,3410,3450,3370.679199,8620400
10/3/2019,3410,3420,3260,3380,3302.288574,10902400
10/4/2019,3390,3440,3320,3350,3272.978271,8835800
10/7/2019,3360,3380,3270,3350,3272.978271,7013200
10/8/2019,3310,3450,3310,3450,3370.679199,8264800
10/9/2019,3450,3540,3430,3440,3360.90918,9908300
10/10/2019,3470,3500,3440,3490,3409.759277,8978700
10/11/2019,3450,3520,3440,3490,3409.759277,8844000
10/14/2019,3530,3540,3450,3490,3409.759277,10066700
10/15/2019,3500,3550,3500,3530,3448.839844,12183000
10/16/2019,3550,3550,3400,3530,3448.839844,9894100
10/17/2019,3550,3550,3480,3530,3448.839844,7245900
10/18/2019,3540,3550,3480,3540,3458.609863,4672200
10/21/2019,3490,3510,3450,3500,3419.529541,8987300
10/22/2019,3500,3540,3470,3520,3439.069824,7836700
10/23/2019,3510,3530,3470,3480,3399.989502,11054400
10/24/2019,3470,3490,3440,3450,3370.679199,7440900
10/25/2019,3430,3520,3380,3390,3312.058594,11250900
10/28/2019,3430,3550,3430,3460,3380.449219,12915400
10/29/2019,3490,3540,3480,3520,3439.069824,10084300
10/30/2019,3520,3560,3500,3550,3468.380127,18887100
10/31/2019,3550,3550,3450,3550,3468.380127,10474300
11/1/2019,3550,3550,3450,3520,3439.069824,9657500
11/4/2019,3520,3610,3520,3550,3468.380127,26170300
11/5/2019,3550,3560,3470,3500,3419.529541,17822800
11/6/2019,3510,3580,3500,3520,3439.069824,11876400
11/7/2019,3550,3550,3450,3500,3419.529541,9760400
11/8/2019,3630,3730,3420,3450,3370.679199,71413500
11/11/2019,3450,3500,3260,3300,3224.12793,21046300
11/12/2019,3340,3480,3320,3460,3380.449219,25200300
11/13/2019,3460,3510,3410,3440,3360.90918,17493000
11/14/2019,3490,3530,3440,3480,3399.989502,22803200
11/15/2019,3500,3520,3460,3480,3399.989502,19547400
11/18/2019,3500,3540,3400,3480,3399.989502,19152500
11/19/2019,3530,3550,3490,3530,3448.839844,20500100
11/20/2019,3550,3550,3500,3550,3468.380127,10459700
11/21/2019,3550,3550,3460,3500,3419.529541,23152800
11/22/2019,3530,3580,3510,3540,3458.609863,40647700
11/25/2019,3550,3590,3510,3550,3468.380127,36810500
11/26/2019,3550,3550,3470,3490,3409.759277,218231500
11/27/2019,3490,3490,3300,3390,3312.058594,22229100
11/28/2019,3350,3360,3180,3230,3155.737305,16174300
11/29/2019,3180,3350,3070,3340,3263.208252,8546700
12/2/2019,3360,3410,3350,3390,3312.058594,9834600
12/3/2019,3400,3430,3380,3420,3341.368652,13072800
12/4/2019,3420,3430,3380,3410,3331.598877,10036900
12/5/2019,3370,3400,3300,3350,3272.978271,10002900
12/6/2019,3390,3400,3300,3400,3321.828613,10281300
12/9/2019,3390,3390,3250,3270,3194.817627,7995800
12/10/2019,3270,3340,3260,3300,3224.12793,9858500
12/11/2019,3290,3320,3270,3300,3224.12793,6693500
12/12/2019,3300,3300,3240,3260,3185.047363,9334700
12/13/2019,3310,3310,3220,3240,3165.507324,10939400
12/16/2019,3220,3280,3190,3210,3136.197266,8656200
12/17/2019,3210,3310,3200,3310,3233.897949,7381000
12/18/2019,3310,3360,3260,3330,3253.437988,12475400
12/19/2019,3330,3350,3220,3220,3145.967041,4637100
12/20/2019,3250,3320,3220,3320,3243.667969,11562300
12/23/2019,3330,3350,3250,3310,3233.897949,5436300
12/26/2019,3250,3300,3250,3260,3185.047363,3863700
12/27/2019,3270,3270,3220,3250,3175.277344,4899800
12/30/2019,3220,3250,3150,3150,3077.576416,5075500
1/2/2020,3170,3220,3140,3210,3136.197266,3718200
1/3/2020,3230,3230,3190,3200,3126.427002,3907700
1/6/2020,3170,3250,3160,3240,3165.507324,3513500
1/7/2020,3250,3270,3220,3250,3175.277344,3419200
1/8/2020,3250,3300,3190,3300,3224.12793,6944000
1/9/2020,3300,3310,3220,3290,3214.357666,9408900
1/10/2020,3260,3290,3230,3290,3214.357666,7746400
1/13/2020,3290,3310,3250,3310,3233.897949,9256500
1/14/2020,3320,3330,3270,3330,3253.437988,10518100
1/15/2020,3300,3350,3230,3250,3175.277344,11805100
1/16/2020,3250,3340,3210,3330,3253.437988,7904800
1/17/2020,3300,3390,3290,3360,3282.748291,7431600
1/20/2020,3360,3380,3340,3360,3282.748291,4466800
1/21/2020,3330,3330,3260,3300,3224.12793,4644000
1/22/2020,3280,3280,3180,3200,3126.427002,5932000
1/23/2020,3200,3240,3180,3220,3145.967041,3442100
1/24/2020,3200,3270,3170,3190,3116.656982,4855800
1/27/2020,3160,3210,3040,3060,2989.645752,7645600
1/28/2020,3000,3090,3000,3050,2979.875732,8042100
1/29/2020,3070,3080,3000,3010,2940.79541,3538400
1/30/2020,3050,3050,2900,2940,2872.405029,6612800
1/31/2020,2990,2990,2840,2900,2833.324463,12812900
2/3/2020,2950,2950,2810,2840,2774.704102,6528100
2/4/2020,2810,2900,2810,2840,2774.704102,15726100
2/5/2020,2850,2910,2830,2890,2823.554443,25188300
2/6/2020,2900,2950,2870,2890,2823.554443,30048700
2/7/2020,2890,2930,2860,2900,2833.324463,39432100
2/10/2020,2900,2900,2700,2800,2735.623779,26809000
2/11/2020,2840,2880,2790,2860,2794.244141,28109900
2/12/2020,2880,2880,2790,2860,2794.244141,14918400
2/13/2020,2850,2860,2650,2710,2647.692871,16894300
2/14/2020,2700,2700,2550,2620,2559.762207,25077200
2/17/2020,2610,2670,2560,2650,2589.072266,17448000
2/18/2020,2650,2760,2630,2720,2657.462891,11817200
2/19/2020,2720,2770,2670,2760,2696.543213,7839900
2/20/2020,2750,2790,2660,2680,2618.382568,14956100
2/21/2020,2660,2670,2580,2600,2540.221924,13942600
2/24/2020,2550,2560,2510,2520,2462.061279,13293200
2/25/2020,2480,2600,2430,2580,2520.681641,13474300
2/26/2020,2580,2600,2500,2540,2481.601318,12914700
2/27/2020,2500,2550,2420,2460,2403.440918,9745400
2/28/2020,2380,2590,2290,2590,2530.451904,30542000
3/2/2020,2600,2610,2430,2520,2462.061279,11254300
3/3/2020,2530,2570,2450,2500,2442.52124,15310400
3/4/2020,2500,2570,2450,2540,2481.601318,12409200
3/5/2020,2540,2580,2440,2480,2422.980957,10332200
3/6/2020,2450,2450,2300,2310,2256.889404,22686000
3/9/2020,2240,2240,2100,2100,2051.717773,19039800
3/10/2020,1995,2200,1995,2130,2081.027832,19489400
3/11/2020,2100,2190,1935,1995,1949.131836,24564900
3/12/2020,1890,1925,1810,1865,1822.120728,15832400
3/13/2020,1790,1880,1735,1800,1758.615112,20056500
3/16/2020,1800,1800,1675,1675,1636.489136,9633300
3/17/2020,1660,1670,1560,1575,1538.788208,27694000
3/18/2020,1600,1615,1465,1515,1480.167847,18421000
3/19/2020,1500,1500,1410,1410,1377.581909,4997000
3/20/2020,1410,1595,1315,1595,1558.328491,43914600
3/23/2020,1550,1550,1485,1485,1450.857544,16354800
3/24/2020,1480,1595,1385,1410,1377.581909,37792500
3/26/2020,1470,1760,1435,1760,1719.534912,49825000
3/27/2020,1800,2090,1760,1800,1758.615112,33266600
3/30/2020,1825,1845,1675,1800,1758.615112,23104200
3/31/2020,1850,2130,1850,2000,1954.016846,15755800
4/1/2020,1990,2100,1895,1950,1905.166382,12908300
4/2/2020,2000,2080,1910,2050,2002.867188,10830400
4/3/2020,2080,2160,2030,2150,2100.568115,16417900
4/6/2020,2150,2430,2150,2380,2325.280029,17230100
4/7/2020,2450,2580,2230,2280,2227.579346,26475200
4/8/2020,2260,2260,2130,2210,2159.188721,17191900
4/9/2020,2210,2310,2110,2150,2100.568115,13564400
4/13/2020,2180,2200,2120,2170,2120.108154,6483900
4/14/2020,2170,2330,2170,2270,2217.809082,14478900
4/15/2020,2340,2430,2220,2230,2178.72876,17678000
4/16/2020,2230,2250,2110,2120,2071.258057,16145900
4/17/2020,2180,2410,2180,2400,2344.820068,14347300
4/20/2020,2420,2480,2300,2350,2295.969971,14988800
4/21/2020,2350,2350,2260,2300,2247.119385,14017300
4/22/2020,2280,2670,2240,2560,2501.141602,22452100
4/23/2020,2560,2600,2410,2410,2354.590332,15180600
4/24/2020,2400,2550,2360,2380,2325.280029,13346800
4/27/2020,2420,2520,2410,2480,2422.980957,12819400
4/28/2020,2510,2600,2460,2550,2491.371582,12994700
4/29/2020,2500,2730,2500,2590,2530.451904,21013300
4/30/2020,2620,2690,2540,2540,2481.601318,19337500
5/4/2020,2560,2560,2430,2450,2393.670654,18170500
5/5/2020,2470,2510,2390,2420,2364.360352,13024700
5/6/2020,2440,2440,2300,2320,2266.659668,22750500
5/8/2020,2350,2430,2340,2380,2325.280029,15509100
5/11/2020,2380,2530,2380,2400,2344.820068,34528100
5/12/2020,2450,2450,2280,2290,2237.349365,39079300
5/13/2020,2280,2430,2250,2400,2344.820068,22512700
5/14/2020,2400,2450,2350,2350,2295.969971,8810500
5/15/2020,2380,2470,2350,2460,2403.440918,16102900
5/18/2020,2460,2570,2450,2510,2452.291016,19642400
5/19/2020,2560,2580,2420,2480,2422.980957,22573900
5/20/2020,2470,2500,2380,2400,2344.820068,15726700
5/26/2020,2420,2510,2400,2430,2374.130615,20617900
5/27/2020,2460,2660,2430,2630,2569.532227,21257300
5/28/2020,2630,2660,2490,2490,2432.750977,24822200
5/29/2020,2500,2590,2450,2590,2530.451904,39056100
6/2/2020,2590,2650,2530,2570,2530.451904,15722700
6/3/2020,2590,2600,2540,2580,2540.298096,11365900
6/4/2020,2590,2670,2580,2650,2609.220703,27762400
6/5/2020,2650,2750,2610,2730,2687.989746,20842500
6/8/2020,2760,2810,2690,2700,2658.451416,15718800
6/9/2020,2730,2750,2640,2650,2609.220703,10685100
6/10/2020,2660,2760,2550,2640,2599.374756,19467600
6/11/2020,2640,2650,2530,2550,2510.759766,11626200
6/12/2020,2470,2580,2430,2560,2520.605713,11645400
6/15/2020,2550,2620,2490,2530,2491.067383,16195500
6/16/2020,2560,2620,2550,2610,2569.836426,16326800
6/17/2020,2650,2700,2610,2690,2648.605225,14320500
6/18/2020,2700,2750,2630,2750,2707.681885,9497600
6/19/2020,2730,2800,2710,2790,2747.066406,16779000
6/22/2020,2790,2810,2660,2720,2678.143555,9454900
6/23/2020,2760,2770,2640,2690,2648.605225,7044600
6/24/2020,2690,2750,2670,2690,2648.605225,7548000
6/25/2020,2690,2690,2630,2640,2599.374756,8159900
6/26/2020,2690,2780,2660,2750,2707.681885,10432300
6/29/2020,2750,2820,2690,2770,2727.374268,9168700
6/30/2020,2800,2820,2730,2770,2727.374268,9112600
7/1/2020,2800,2800,2700,2730,2687.989746,4448900
7/2/2020,2730,2750,2710,2720,2678.143555,5566100
7/3/2020,2730,2790,2720,2770,2727.374268,4611100
7/6/2020,2790,3070,2770,2950,2904.604248,24444700
7/7/2020,2980,2980,2870,2900,2855.373779,15060700
7/8/2020,2910,2980,2890,2960,2914.450439,8637100
7/9/2020,2970,3010,2900,2920,2875.065918,9827200
7/10/2020,2900,2930,2860,2860,2815.989258,4576800
7/13/2020,2870,2960,2870,2940,2894.758301,5843900
7/14/2020,2930,2970,2900,2970,2924.296631,4121300
7/15/2020,2970,2990,2910,2930,2884.912109,5143600
7/16/2020,2930,2960,2870,2870,2825.835449,6349200
7/17/2020,2850,2900,2780,2850,2806.143066,5311100
7/20/2020,2850,2890,2830,2870,2825.835449,3809200
7/21/2020,2870,2900,2840,2840,2796.297119,9268000
7/22/2020,2900,2920,2790,2800,2756.912598,11019600
7/23/2020,2810,2870,2800,2820,2776.604736,10565300
7/24/2020,2830,2860,2740,2760,2717.528076,11446400
7/27/2020,2800,2820,2770,2800,2756.912598,5974800
7/28/2020,2820,2840,2710,2730,2687.989746,14211600
7/29/2020,2700,2710,2540,2540,2500.913574,57573700
7/30/2020,2540,2560,2410,2500,2461.529053,60590100
8/3/2020,2500,2510,2330,2380,2343.375732,38058800
8/4/2020,2380,2450,2340,2440,2402.452393,36354000
8/5/2020,2440,2480,2380,2480,2441.836914,32538000
8/6/2020,2510,2550,2480,2530,2491.067383,20712500
8/7/2020,2530,2560,2410,2440,2402.452393,26103200
8/10/2020,2450,2470,2400,2450,2412.298584,6831200
8/11/2020,2460,2470,2380,2410,2372.914063,17850500
8/12/2020,2430,2450,2410,2430,2392.606201,9634000
8/13/2020,2460,2610,2440,2610,2569.836426,58717500
8/14/2020,2610,2640,2530,2550,2510.759766,47890100
8/18/2020,2550,2570,2510,2520,2481.221191,19770700
8/19/2020,2520,2580,2510,2520,2481.221191,17607900
8/24/2020,2530,2560,2480,2490,2451.682861,13155200
8/25/2020,2540,2540,2480,2480,2441.836914,9946700
8/26/2020,2500,2540,2480,2540,2500.913574,14089700
8/27/2020,2560,2580,2510,2540,2500.913574,21293200
8/28/2020,2570,2590,2540,2550,2510.759766,17994200
8/31/2020,2550,2580,2410,2440,2402.452393,30595700
9/1/2020,2490,2490,2390,2420,2382.760254,20611800
9/2/2020,2420,2450,2410,2410,2372.914063,15335700
9/3/2020,2430,2450,2330,2340,2303.991211,33632500
9/4/2020,2340,2340,2270,2300,2264.606689,23127600
9/7/2020,2330,2340,2240,2250,2215.376221,25311600
9/8/2020,2260,2280,2230,2240,2205.530029,16285100
9/9/2020,2220,2220,2150,2190,2156.299561,22900900
9/10/2020,2180,2180,2040,2040,2008.607666,27586900
9/11/2020,1970,2220,1920,2190,2156.299561,38634100
9/14/2020,2230,2290,2200,2270,2235.068359,22762500
9/15/2020,2270,2280,2180,2200,2166.145508,17481300
9/16/2020,2200,2210,2120,2130,2097.222656,12124900
9/17/2020,2130,2160,2080,2090,2057.838379,11929300
9/18/2020,2090,2180,2090,2150,2116.915039,14899900
9/21/2020,2150,2160,2040,2060,2028.299927,9385900
9/22/2020,2040,2070,2000,2030,1998.761597,8424800
9/23/2020,2040,2080,1955,1985,1954.454102,22773800
9/24/2020,1950,1990,1920,1930,1900.300415,14736500
9/25/2020,1950,1990,1930,1965,1934.761841,18214300
9/28/2020,1985,2030,1940,2010,1979.069336,20240900
9/29/2020,2030,2040,1980,1990,1959.377197,11958900
9/30/2020,2010,2040,1975,2030,1998.761597,13929900
10/1/2020,2050,2220,2040,2200,2166.145508,31801300
10/2/2020,2200,2200,2070,2100,2067.684326,22525200
10/5/2020,2140,2140,2080,2090,2057.838379,7714500
10/6/2020,2130,2150,2110,2120,2087.376709,8640800
10/7/2020,2100,2180,2090,2180,2146.453369,16304900
10/8/2020,2200,2230,2160,2200,2166.145508,23602800
10/9/2020,2220,2240,2190,2200,2166.145508,17913200
10/12/2020,2230,2240,2190,2210,2175.991699,14458100
10/13/2020,2190,2200,2130,2190,2156.299561,10805900
10/14/2020,2190,2230,2180,2210,2175.991699,21953100
10/15/2020,2210,2210,2130,2130,2097.222656,18152600
10/16/2020,2130,2160,2110,2130,2097.222656,8366500
10/19/2020,2160,2180,2100,2130,2097.222656,10254500
10/20/2020,2130,2150,2080,2090,2057.838379,12525000
10/21/2020,2110,2130,2040,2050,2018.453857,11580300
10/22/2020,2050,2110,2040,2110,2077.530518,15297300
10/23/2020,2130,2140,2060,2070,2038.146118,13956000
10/26/2020,2070,2100,2030,2040,2008.607666,13638200
10/27/2020,2000,2060,2000,2030,1998.761597,16338100
11/2/2020,2020,2040,2000,2010,1979.069336,21849400
11/3/2020,2040,2050,2010,2010,1979.069336,24213900
11/4/2020,2010,2040,1980,1985,1954.454102,27511600
11/5/2020,2020,2160,2000,2110,2077.530518,95943600
11/6/2020,2150,2200,2120,2180,2146.453369,71675400
11/9/2020,2200,2230,2130,2130,2097.222656,72118100
11/10/2020,2170,2210,2150,2190,2156.299561,62591600
11/11/2020,2140,2360,2120,2340,2303.991211,138426900
11/12/2020,2350,2370,2270,2290,2254.760742,35445500
11/13/2020,2280,2320,2250,2290,2254.760742,22623400
11/16/2020,2320,2350,2300,2320,2284.299072,22309600
11/17/2020,2350,2370,2290,2300,2264.606689,47270300
11/18/2020,2300,2330,2290,2300,2264.606689,20395100
11/19/2020,2300,2320,2280,2300,2264.606689,18962300
11/20/2020,2310,2350,2290,2300,2264.606689,32517100
11/23/2020,2330,2450,2320,2430,2392.606201,86246300
11/24/2020,2600,2600,2460,2500,2461.529053,78027200
11/25/2020,2530,2540,2440,2490,2451.682861,56208700
11/26/2020,2470,2570,2470,2540,2500.913574,41247500
11/27/2020,2560,2560,2510,2530,2491.067383,44053700
11/30/2020,2510,2520,2380,2410,2372.914063,358988600
12/1/2020,2470,2550,2420,2450,2412.298584,87903400
12/2/2020,2460,2500,2410,2460,2422.144531,110992200
12/3/2020,2470,2470,2410,2420,2382.760254,66043400
12/4/2020,2420,2480,2380,2450,2412.298584,83546400
12/7/2020,2450,2540,2450,2520,2481.221191,65723500
12/8/2020,2540,2560,2470,2480,2441.836914,47643100
12/10/2020,2480,2500,2400,2420,2382.760254,42946600
12/11/2020,2430,2500,2430,2460,2422.144531,34539400
12/14/2020,2480,2670,2450,2620,2579.682373,245113700
12/15/2020,2650,2730,2570,2700,2658.451416,173537800
12/16/2020,2740,2960,2710,2900,2855.373779,252281100
12/17/2020,2900,2940,2730,2790,2747.066406,101866300
12/18/2020,2790,2830,2710,2790,2747.066406,88493100
12/21/2020,2790,2950,2780,2900,2855.373779,128295300
12/22/2020,2950,2980,2740,2760,2717.528076,97458400
12/23/2020,2780,2820,2600,2710,2668.297607,61822500
12/28/2020,2740,2820,2670,2810,2766.758789,58886400
12/29/2020,2870,2920,2810,2850,2806.143066,81822400
12/30/2020,2850,2860,2730,2730,2687.989746,48118500
1/4/2021,2790,2840,2660,2840,2796.297119,35547100
1/5/2021,2830,2850,2770,2810,2766.758789,24647900
1/6/2021,2830,2850,2700,2740,2697.835938,37062700
1/7/2021,2760,2810,2720,2730,2687.989746,44467300
1/8/2021,2760,2880,2740,2810,2766.758789,64480200
1/11/2021,2840,2870,2780,2790,2747.066406,41151700
1/12/2021,2800,2820,2750,2760,2717.528076,38200300
1/13/2021,2790,2810,2700,2750,2707.681885,33432500
1/14/2021,2760,2780,2700,2700,2658.451416,30861900
1/15/2021,2710,2740,2600,2600,2559.990234,57119200
1/18/2021,2600,2600,2480,2480,2441.836914,74290200
1/19/2021,2500,2660,2420,2630,2589.528564,89602800
1/20/2021,2650,2660,2530,2570,2530.451904,36460700
1/21/2021,2600,2620,2520,2550,2510.759766,25922500
1/22/2021,2550,2560,2420,2430,2392.606201,43953400
1/25/2021,2400,2490,2340,2400,2363.067871,42651600
1/26/2021,2400,2440,2270,2290,2254.760742,49666000
1/27/2021,2300,2370,2260,2350,2313.837402,44536800
1/28/2021,2300,2360,2220,2270,2235.068359,37148300
1/29/2021,2310,2360,2200,2220,2185.837891,40832800
2/1/2021,2220,2320,2170,2310,2274.452881,32512600
2/2/2021,2330,2360,2240,2270,2235.068359,21978200
2/3/2021,2310,2380,2260,2340,2303.991211,26217900
2/4/2021,2340,2450,2330,2410,2372.914063,57229100
2/5/2021,2420,2440,2360,2370,2333.529541,29994800
2/8/2021,2400,2420,2330,2340,2303.991211,27172800
2/9/2021,2380,2400,2310,2330,2294.14502,30931900
2/10/2021,2320,2400,2300,2340,2303.991211,24148800
2/11/2021,2350,2380,2320,2340,2303.991211,6941700
2/15/2021,2370,2370,2290,2300,2264.606689,24967300
2/16/2021,2300,2330,2180,2210,2175.991699,113296400
2/17/2021,2230,2240,2150,2160,2126.76123,54910900
2/18/2021,2170,2220,2160,2180,2146.453369,32259100
2/19/2021,2180,2190,2120,2140,2107.068848,39768500
2/22/2021,2150,2170,2120,2130,2097.222656,30665800
2/23/2021,2140,2240,2130,2220,2185.837891,63740500
2/24/2021,2240,2250,2150,2160,2126.76123,50930400
2/25/2021,2190,2230,2170,2220,2185.837891,38663200
2/26/2021,2170,2210,2160,2200,2166.145508,35677300
3/1/2021,2200,2240,2190,2220,2185.837891,20313400
3/2/2021,2230,2270,2230,2250,2215.376221,34594800
3/3/2021,2260,2270,2230,2240,2205.530029,14698600
3/4/2021,2220,2230,2180,2220,2185.837891,19508600
3/5/2021,2200,2220,2180,2190,2156.299561,20833400
3/8/2021,2210,2220,2160,2180,2146.453369,20290100
3/9/2021,2200,2200,2130,2130,2097.222656,20511500
3/10/2021,2150,2170,2120,2120,2087.376709,13536300
3/12/2021,2140,2170,2130,2150,2116.915039,15503900
3/15/2021,2160,2170,2130,2150,2116.915039,11779100
3/16/2021,2150,2320,2140,2220,2185.837891,91487900
3/17/2021,2220,2250,2180,2210,2175.991699,16411000
3/18/2021,2210,2250,2200,2210,2175.991699,24453800
3/19/2021,2200,2230,2190,2210,2175.991699,18277000
3/22/2021,2220,2230,2150,2160,2126.76123,23015000
3/23/2021,2160,2180,2150,2150,2116.915039,8768900
3/24/2021,2140,2170,2050,2080,2047.992188,37687100
3/25/2021,2080,2100,2010,2090,2057.838379,25301000
3/26/2021,2110,2120,2070,2100,2067.684326,13398300
3/29/2021,2110,2120,2080,2090,2057.838379,12245400
3/30/2021,2100,2110,2040,2050,2018.453857,18449300
3/31/2021,2070,2090,2040,2090,2057.838379,14612300
4/1/2021,2090,2110,2060,2090,2057.838379,9835300
4/5/2021,2110,2120,2070,2070,2038.146118,7686500
4/6/2021,2080,2170,2070,2160,2126.76123,20579200
4/7/2021,2170,2200,2130,2200,2166.145508,20134200
4/8/2021,2200,2240,2160,2160,2126.76123,18247200
4/9/2021,2190,2200,2140,2160,2126.76123,18518700
4/12/2021,2160,2170,2050,2070,2038.146118,16509400
4/13/2021,2070,2090,2030,2040,2008.607666,18775300
4/14/2021,2060,2080,2040,2070,2038.146118,12979800
4/15/2021,2070,2070,2030,2050,2018.453857,22275200
4/16/2021,2080,2080,2010,2010,1979.069336,47488800
4/19/2021,2040,2080,2020,2030,1998.761597,27001500
4/20/2021,2030,2050,2010,2030,1998.761597,19262600
4/21/2021,2020,2040,2010,2020,1988.915527,11897000
4/22/2021,2020,2060,2020,2060,2028.299927,14378700
4/23/2021,2040,2060,2020,2040,2008.607666,11515600
4/26/2021,2060,2070,2020,2030,1998.761597,11699600
4/27/2021,2060,2060,2020,2020,1988.915527,11219900
4/28/2021,2020,2060,2020,2050,2018.453857,17312000
4/29/2021,2050,2120,2050,2090,2057.838379,26099500
4/30/2021,2100,2110,2070,2090,2057.838379,33397400
5/3/2021,2080,2090,2060,2060,2028.299927,8858000
5/4/2021,2050,2050,2020,2030,2030,10799500
5/5/2021,2030,2070,2020,2060,2060,10294200
5/6/2021,2060,2070,2030,2030,2030,5918700
5/7/2021,2030,2040,2020,2030,2030,9839900
5/10/2021,2030,2050,2030,2030,2030,5405300
5/11/2021,2030,2030,2010,2020,2020,10231300
5/17/2021,2020,2050,1980,1980,1980,20517300
5/18/2021,1985,2060,1985,2060,2060,18465100
5/19/2021,2050,2090,2010,2060,2060,28031700
5/20/2021,2060,2230,2050,2220,2220,134303900
5/21/2021,2220,2270,2160,2240,2240,70443200
5/24/2021,2240,2250,2180,2230,2230,29168300
5/25/2021,2230,2320,2210,2290,2290,68743200
5/27/2021,2300,2410,2280,2390,2390,68682000
5/28/2021,2390,2410,2310,2360,2360,32188200
5/31/2021,2380,2550,2380,2460,2460,101613500
6/2/2021,2480,2590,2450,2580,2580,63670500
6/3/2021,2580,2630,2490,2560,2560,56949100
6/4/2021,2560,2590,2480,2550,2550,28430900
6/7/2021,2550,2620,2530,2590,2590,39327600
6/8/2021,2540,2560,2410,2430,2430,82070400
6/9/2021,2400,2500,2370,2470,2470,34257300
6/10/2021,2490,2600,2430,2570,2570,61336900
6/11/2021,2600,2610,2550,2570,2570,30540200
6/14/2021,2550,2550,2460,2480,2480,22979600
6/15/2021,2460,2540,2450,2500,2500,26247200
6/16/2021,2540,2680,2500,2660,2660,98526200
6/17/2021,2650,2680,2540,2590,2590,58230800
6/18/2021,2590,2630,2470,2580,2580,37770000
6/21/2021,2540,2740,2480,2700,2700,80185500
6/22/2021,2720,2800,2710,2780,2780,68415700
6/23/2021,2780,2790,2710,2750,2750,37422900
6/24/2021,2780,2780,2710,2730,2730,16817100
6/25/2021,2750,2750,2710,2730,2730,14812100
6/28/2021,2740,2780,2620,2630,2630,24892100
6/29/2021,2630,2700,2610,2630,2630,25759600
6/30/2021,2630,2730,2610,2670,2670,21387400
7/1/2021,2670,2700,2600,2640,2640,35634200
7/2/2021,2650,2670,2630,2630,2630,10735800
7/5/2021,2630,2660,2520,2550,2550,43171800
7/6/2021,2600,2660,2560,2590,2590,36414100
7/7/2021,2590,2630,2590,2600,2600,11669900
7/8/2021,2610,2640,2520,2560,2560,28020700
7/9/2021,2550,2610,2540,2600,2600,16354900
7/12/2021,2630,2720,2590,2610,2610,34004200
7/13/2021,2650,2670,2430,2440,2440,49178300
7/14/2021,2420,2500,2360,2490,2490,41389000
7/15/2021,2500,2530,2460,2480,2480,17350000
7/16/2021,2470,2520,2460,2490,2490,11208600
7/19/2021,2480,2480,2430,2470,2470,16181200
7/21/2021,2470,2510,2450,2470,2470,21375100
7/22/2021,2500,2540,2490,2510,2510,20560000
7/23/2021,2510,2530,2440,2450,2450,23954700
7/26/2021,2450,2470,2410,2410,2410,23519000
7/27/2021,2410,2470,2410,2430,2430,10169500
7/28/2021,2440,2460,2380,2400,2400,20385100
7/29/2021,2420,2550,2420,2540,2540,36647700
7/30/2021,2570,2700,2570,2690,2690,67138900
8/2/2021,2700,2730,2620,2650,2650,32009200
8/3/2021,2680,2690,2640,2660,2660,18290200
8/4/2021,2670,2690,2620,2670,2670,14578300
8/5/2021,2680,2680,2550,2610,2610,30263300
8/6/2021,2610,2650,2580,2590,2590,13753100
8/9/2021,2600,2650,2520,2560,2560,22512400
8/10/2021,2500,2600,2500,2540,2540,21559000
8/12/2021,2570,2640,2560,2610,2610,19451900
8/13/2021,2640,2660,2550,2570,2570,12413900
8/16/2021,2570,2630,2500,2590,2590,27167400
8/18/2021,2560,2680,2520,2680,2680,40629100
8/19/2021,2650,2650,2550,2600,2600,28576300
8/20/2021,2600,2720,2570,2700,2700,34938900
8/23/2021,2720,2770,2720,2730,2730,23561300
8/24/2021,2750,2750,2610,2640,2640,19932700
8/25/2021,2640,2690,2630,2680,2680,10913100
8/26/2021,2680,2700,2620,2660,2660,12159400
8/27/2021,2640,2680,2570,2650,2650,13789800
8/30/2021,2650,2690,2650,2670,2670,7667200
8/31/2021,2660,2700,2650,2670,2670,10498000
9/1/2021,2680,2690,2640,2670,2670,6824400
9/2/2021,2680,2740,2670,2680,2680,12373000
9/3/2021,2690,2700,2650,2660,2660,7800200
9/6/2021,2660,2680,2630,2640,2640,8181800
9/7/2021,2640,2660,2600,2640,2640,6058200
9/8/2021,2630,2650,2580,2610,2610,13956400
9/9/2021,2610,2680,2550,2650,2650,22673400
9/10/2021,2650,2730,2620,2690,2690,15163300
9/13/2021,2680,2720,2660,2710,2710,17860500
9/14/2021,2700,3040,2700,2950,2950,116986300
9/15/2021,2940,3040,2920,3000,3000,43293600
9/16/2021,3000,3000,2960,2970,2970,18520800
9/17/2021,2990,3030,2960,3000,3000,33427400
9/20/2021,3000,3000,2880,2980,2980,11036600
9/21/2021,2930,3080,2920,3020,3020,34245200
9/22/2021,3040,3080,2980,2990,2990,35953900
9/23/2021,3020,3030,2970,2980,2980,9249000
9/24/2021,3000,3000,2920,2950,2950,9800500
9/27/2021,2950,3000,2820,2890,2890,40972800
9/28/2021,2880,2970,2850,2940,2940,22298400
9/29/2021,2940,2950,2880,2940,2940,10395600
9/30/2021,2900,3050,2850,3040,3040,41813700
10/1/2021,3030,3140,2980,3000,3000,34983200
10/4/2021,3000,3040,2960,3010,3010,17253000
10/5/2021,2980,2990,2850,2920,2920,31680200
10/6/2021,2950,2950,2870,2880,2880,14592800
10/7/2021,2910,2920,2820,2870,2870,17549500
10/8/2021,2870,3020,2870,3000,3000,65443700
10/11/2021,3010,3250,2990,3200,3200,75346600
10/12/2021,3200,3270,3130,3230,3230,56112700
10/13/2021,3200,3210,3070,3150,3150,36103300
10/14/2021,3150,3200,3120,3170,3170,24245000
10/15/2021,3170,3180,3120,3150,3150,22726200
10/18/2021,3140,3140,3060,3090,3090,22277300
10/19/2021,3090,3130,3020,3080,3080,19802500
10/21/2021,3080,3140,3040,3080,3080,33226100
10/22/2021,3100,3140,3060,3110,3110,47481700
10/25/2021,3110,3130,3020,3080,3080,29079900
10/26/2021,3080,3100,3040,3080,3080,24317500
10/27/2021,3070,3080,3020,3070,3070,19021100
10/28/2021,3070,3070,2960,3020,3020,20802100
10/29/2021,3020,3090,3020,3080,3080,21820500
11/1/2021,3080,3100,2990,3000,3000,28091000
11/2/2021,3000,3010,2920,2950,2950,15638300
11/3/2021,2950,3010,2930,3010,3010,19998700
11/4/2021,3030,3030,2950,2970,2970,11877000
11/5/2021,2950,3000,2930,2990,2990,12762000
11/8/2021,3000,3000,2960,2990,2990,8211000
11/9/2021,3000,3080,2990,3040,3040,24071600
11/10/2021,3050,3050,3000,3030,3030,16039700
11/11/2021,3020,3020,2960,3000,3000,22255600
11/12/2021,3000,3020,2980,3000,3000,10078900
11/15/2021,2990,3010,2940,2940,2940,10881400
11/16/2021,2920,2960,2920,2920,2920,16379200
11/17/2021,2950,2950,2880,2930,2930,9186000
11/18/2021,2930,2930,2860,2860,2860,13955300
11/19/2021,2860,3000,2860,2980,2980,26488700
11/22/2021,3000,3000,2940,2960,2960,11473700
11/23/2021,2960,2970,2930,2940,2940,8565200
11/24/2021,2920,3000,2920,2970,2970,13356900
11/25/2021,2990,3070,2980,3010,3010,37675300
11/26/2021,3010,3010,2910,2950,2950,18250800
